team,count,mean,median
Ovat,10,1.532,1.725
300S,10,1.349,1.38
Say,15,1.258,1.18
TQM,5,1.254,1.28
5up,20,1.242,1.225
ooli,20,1.2335,1.29
KVT,5,1.218,1.04
SUPR,25,1.214,1.15
HONK,55,1.2132727272727273,1.2
0123,20,1.2105000000000001,1.185
OG,235,1.2059148936170212,1.16
Pomi,30,1.2043333333333335,1.1549999999999998
TM,45,1.2022222222222223,1.18
Left,35,1.2017142857142857,1.21
Whynot,10,1.2,1.12
hlns,10,1.199,1.1099999999999999
Redr,70,1.1952857142857143,1.19
Equi,20,1.193,1.02
notb,30,1.1886666666666668,1.105
Nood,45,1.1868888888888889,1.11
nF,50,1.1834,1.1949999999999998
WP,35,1.1805714285714286,1.13
GIBD,20,1.1765,1.26
BadLeg,25,1.1743999999999999,1.2
Sold,75,1.1702666666666666,1.05
EIQ,40,1.17025,1.2149999999999999
fast,45,1.1680000000000001,1.08
B5,10,1.168,1.15
nmDM,90,1.1677777777777778,1.125
AWAR,110,1.1676363636363636,1.12
EGN,35,1.1674285714285715,1.2
3G,70,1.165,1.13
DSY,40,1.1644999999999999,1.16
F1,40,1.1640000000000001,1.17
Hogw,40,1.163,1.1150000000000002
R$,105,1.160095238095238,1.13
INCO,35,1.1585714285714286,1.1
SOR,90,1.1568888888888889,1.085
Bons,75,1.1558666666666666,1.13
Limi,50,1.1548,1.145
whyd,35,1.1528571428571428,1.2
HTW,75,1.1522666666666668,1.07
CASE,105,1.1493333333333333,1.11
SAW,125,1.14832,1.15
Slee,70,1.148,1.14
ODIUM,60,1.1478333333333335,1.15
DIVA,20,1.1475,1.0899999999999999
KOVA,110,1.1443636363636362,1.1150000000000002
Save,55,1.14,1.13
Unge,55,1.1396363636363636,1.12
miks,40,1.13875,1.0350000000000001
OVA,185,1.1381081081081081,1.15
OPP,115,1.1357391304347826,1.13
PENT,45,1.1353333333333333,1.17
XYZ,50,1.1352,1.105
owna,95,1.1337894736842105,1.1
Seve,10,1.133,1.1349999999999998
LDN,360,1.1320833333333333,1.13
EEAF,45,1.1308888888888888,1.13
azzi,45,1.1297777777777778,1.15
EHXD,95,1.1281052631578947,1.13
Mega,175,1.1277714285714286,1.12
KAST,60,1.1256666666666668,1.125
XL,265,1.1252075471698113,1.11
50Fr,20,1.125,1.03
TQ,255,1.1212549019607845,1.08
ANB,430,1.1197906976744185,1.0950000000000002
TMQ,45,1.1197777777777778,1.12
YZ,100,1.1192,1.11
M4LIK,60,1.1183333333333332,1.08
VCTRY,50,1.1172,1.04
UCAM,140,1.116142857142857,1.09
Atla,40,1.1145,1.18
IHG,80,1.113375,1.04
YLA,265,1.1121509433962264,1.08
idkm,20,1.1115,1.155
GMB,500,1.1111600000000001,1.11
M28,35,1.110857142857143,1.04
Lixa,65,1.1103076923076924,1.07
xt,5,1.1099999999999999,1.04
GIA,540,1.1099444444444444,1.0950000000000002
Stun,85,1.1081176470588234,1.13
368,75,1.1079999999999999,1.02
Arri,20,1.1075,1.0350000000000001
unjo,90,1.107,1.1549999999999998
5ORD,20,1.107,0.95
FVT,60,1.1066666666666667,1.02
YONK,110,1.1062727272727273,1.0750000000000002
HOME,35,1.1017142857142859,1.07
ES,70,1.1011428571428572,1.13
QUES,45,1.1008888888888888,1.12
Ksen,135,1.0996296296296295,1.04
RF,35,1.0991428571428572,1.06
ANM,210,1.098952380952381,1.0550000000000002
ChiP,15,1.0986666666666667,0.94
illm,20,1.0985,1.245
Feli,20,1.097,0.99
FNST,305,1.0967868852459015,1.06
PER,280,1.096607142857143,1.06
Bref,35,1.096,1.08
19,280,1.0958928571428572,1.08
FOXN,35,1.0954285714285714,1.11
SMP,130,1.0952307692307692,1.08
WICK,15,1.094,1.01
RBLS,180,1.093388888888889,1.05
KGE,55,1.0927272727272728,1.07
RAAD,235,1.0920851063829786,1.04
Sibe,20,1.092,1.025
Abst,25,1.0916,1.13
Bang,45,1.0915555555555554,1.1
EZ K,150,1.0909333333333333,1.065
BTW,30,1.0906666666666667,1.0550000000000002
Roge,20,1.0895,1.085
Vals,25,1.0884,1.08
Sica,20,1.088,0.97
CBT,55,1.0876363636363637,1.08
Devi,25,1.0872,0.99
AT,100,1.0867,1.005
PRL,35,1.0857142857142856,1.06
świ,25,1.0852,1.06
KFLR,230,1.085,1.08
Vexed,135,1.0844444444444445,1.03
HATA,25,1.0844,0.98
WATA,90,1.084,1.0750000000000002
FB,235,1.0834468085106381,1.06
PACT,90,1.0834444444444444,1.08
NS,50,1.0832000000000002,1.06
Band,25,1.0828,1.09
WLG,85,1.082235294117647,1.04
TD,60,1.081,1.0550000000000002
Jamm,20,1.081,1.0350000000000001
VV,105,1.0808571428571427,1.04
KE,55,1.0805454545454545,1.07
bref,200,1.0802,1.05
sauce,35,1.0797142857142856,1.08
BST,25,1.0784,1.14
WAVE,280,1.0772857142857142,1.05
ANO,95,1.0763157894736841,1.12
iPon,115,1.0761739130434782,1.03
PW,35,1.0757142857142856,1.09
Ax3,75,1.0754666666666666,1.02
EZcl,130,1.0751538461538461,1.04
PASC,35,1.0745714285714285,1.09
Rugr,70,1.0738571428571428,1.02
GLD,685,1.0737226277372263,1.06
CGN,205,1.0731707317073171,1.04
NRAGE,45,1.0722222222222222,1.05
MJY,200,1.072,1.0550000000000002
l3wn,15,1.0719999999999998,1.1
M5,160,1.0704375000000002,0.985
EDW,70,1.0704285714285715,1.06
VIN,25,1.0704,1.04
Deja,85,1.0703529411764707,1.06
Sangal,35,1.0697142857142856,1.07
AREA,70,1.069,1.09
Gr1n,31,1.0680645161290323,1.06
DFX,65,1.068,1.07
EMEA,5,1.068,1.1
Orgl,130,1.0675384615384615,1.025
CONN,45,1.0673333333333335,1.01
UP,115,1.0670434782608695,1.0
LLH,30,1.067,1.005
Shoc,20,1.066,0.965
FPX,810,1.0654567901234568,1.05
OutR,120,1.0638333333333334,1.0150000000000001
BENCH,45,1.0628888888888888,1.13
Purp,55,1.0627272727272727,1.07
Sunn,70,1.0627142857142857,1.09
Kaho,60,1.0618333333333334,1.065
LEV,200,1.06145,1.0350000000000001
STAGA,120,1.06075,1.05
ALC,30,1.0606666666666666,0.95
wS,25,1.06,1.04
SUR,335,1.0594029850746267,1.01
PLUS,15,1.0593333333333335,1.08
deto,20,1.059,0.94
WiLD,95,1.058842105263158,1.06
Part,25,1.0588000000000002,1.01
BOTB,30,1.0583333333333333,1.005
B8,130,1.058230769230769,1.05
EMZ,40,1.058,1.03
Roh,35,1.0577142857142858,1.05
Aim,20,1.0574999999999999,1.045
AKA,20,1.0574999999999999,1.03
Stra,35,1.056857142857143,1.1
LOUD,230,1.0566086956521739,1.05
FNC,1940,1.0560670103092784,1.04
Vacu,120,1.0558333333333334,1.025
G2,1100,1.0555363636363635,1.03
DATH,200,1.0552,1.02
Revi,70,1.0551428571428572,1.025
BuyH,20,1.0545,1.065
AES,125,1.05408,1.0
FWS,85,1.0535294117647058,1.0
FF,434,1.0533870967741936,1.03
zTit,85,1.0528235294117647,1.07
Capy,35,1.0525714285714287,1.0
F9,105,1.0525714285714285,1.04
INST,25,1.0524,1.03
SCY,60,1.0516666666666667,0.96
deat,185,1.0512432432432433,1.03
blab,70,1.0510000000000002,1.045
DAT,45,1.0506666666666666,1.03
Cham,25,1.0492,1.0
TYE,220,1.0491818181818182,1.04
AUR,240,1.0491666666666668,1.01
VER,60,1.049,1.0
BBC,55,1.0487272727272727,1.08
SUP,450,1.0486,1.04
E9,260,1.0479615384615386,1.0150000000000001
IVY,120,1.0475833333333333,1.01
M3C,235,1.0475744680851065,1.02
YMCA,30,1.0473333333333334,1.025
Aspi,165,1.047030303030303,1.04
CE,140,1.0470000000000002,1.08
PLS,65,1.0461538461538462,1.03
TSR,25,1.0452,1.06
СС,95,1.0450526315789475,0.96
HEET,190,1.0443684210526316,1.005
Sør,35,1.0442857142857143,1.02
bene,25,1.044,1.02
LNG,80,1.043625,1.0350000000000001
jn,55,1.0434545454545454,0.97
5 Yu,15,1.0433333333333334,0.99
Bad,25,1.0428,0.98
ENVY,90,1.0416666666666667,1.01
NASR,100,1.0414999999999999,1.0550000000000002
NP,140,1.0407857142857144,0.995
Arch,149,1.0405369127516777,1.04
N1C3,20,1.0405,1.01
GMT,175,1.0403428571428572,1.02
w0wC,65,1.0403076923076924,1.0
ECHO,15,1.04,1.08
forZ,280,1.04,1.02
TCE,20,1.04,1.0350000000000001
Hex,20,1.0394999999999999,0.915
Meyh,35,1.0394285714285716,1.04
ALL,345,1.0391304347826087,1.01
XFlo,65,1.0387692307692307,1.03
OLD,50,1.0384,0.965
WILD,40,1.0382500000000001,0.97
RARE,190,1.0380526315789473,0.99
TBG,320,1.03684375,1.0
PvS,55,1.0363636363636364,0.95
Aimb,15,1.036,0.94
WHO,65,1.036,0.96
MORE,75,1.0350666666666666,1.04
SHIN,30,1.0346666666666666,1.05
KPI,160,1.0338749999999999,0.995
T1,165,1.0333939393939393,1.01
LB,100,1.0332999999999999,0.99
SES,270,1.0330370370370372,1.025
H$,25,1.0328,1.05
BJK,240,1.0327083333333333,1.0150000000000001
FTW,75,1.0325333333333333,1.0
MANG,130,1.0324615384615385,1.0150000000000001
BAYE,20,1.032,0.995
Gief,85,1.031764705882353,1.02
FOX,55,1.0316363636363637,1.0
Luck,95,1.0313684210526317,0.97
TL,2050,1.0312146341463413,1.02
Aeon,35,1.0311428571428571,1.01
FXG,75,1.0310666666666666,1.01
MCK,95,1.0310526315789474,0.97
TEN,230,1.0309565217391305,1.0
EnM,45,1.030888888888889,1.03
X7,55,1.0307272727272727,0.96
GEN,140,1.0307142857142857,1.045
4x3,155,1.0301935483870968,1.03
LPU,20,1.03,0.965
FOXA,15,1.03,0.99
SEN,365,1.029972602739726,1.02
Star,30,1.0296666666666667,0.965
Moni,10,1.029,1.05
furi,55,1.0289090909090908,1.01
dog$,25,1.0288,1.01
NRG,215,1.0285581395348837,1.02
TH,1365,1.0282490842490841,1.01
IB,15,1.028,0.93
eXiLe,75,1.0274666666666668,1.0
VNG,100,1.0272,1.02
TDI,30,1.027,0.985
OPTC,315,1.026920634920635,1.03
Polo,60,1.0265,1.005
PS,50,1.0262,1.05
MAJT,30,1.026,1.0350000000000001
NOX,20,1.0255,0.985
NOM,80,1.02475,0.985
BIG,475,1.0247157894736842,1.02
RIX,335,1.0243880597014925,1.01
KLAT,75,1.0237333333333334,0.98
NIP,245,1.023265306122449,0.98
VIT,1415,1.0227773851590105,1.0
ZZ,225,1.0225333333333333,1.01
NORG,55,1.0223636363636364,1.01
ZDL,85,1.0223529411764707,1.04
MIBR,95,1.0222105263157895,1.03
nW,20,1.0215,0.89
MK,35,1.0214285714285714,1.07
ACE,555,1.021027027027027,1.01
SHN,100,1.0208,1.0350000000000001
36NU,130,1.02,0.99
EX0,50,1.0186,1.05
Bull,40,1.01725,0.94
Ameg,20,1.0154999999999998,0.88
KRX,365,1.0153972602739727,1.0
GGO,95,1.0153684210526315,0.98
Puls,20,1.0150000000000001,1.02
Hajty,25,1.0148000000000001,0.95
FatF,25,1.0148000000000001,0.88
BDS,175,1.0148,0.98
PRX,605,1.0145785123966944,1.01
EF,290,1.0145517241379312,0.98
TS,45,1.0142222222222221,0.99
AvgJ,135,1.0135555555555555,1.01
TAN,20,1.0135,0.94
JL,65,1.0133846153846156,1.03
Anyw,95,1.0130526315789472,1.0
Giga,20,1.0130000000000001,1.065
Sp,45,1.012888888888889,1.02
cis,40,1.01275,0.955
ADEP,35,1.0122857142857142,1.0
mcdo,20,1.0115,0.85
-ws-,65,1.0112307692307694,0.99
BT,25,1.0108,0.95
BTS,170,1.0106470588235295,0.99
FAR,65,1.0104615384615385,1.06
H2O,55,1.0101818181818183,1.02
IC9,20,1.01,0.985
Good,40,1.00975,0.955
RYLS,20,1.0095,0.95
GS,155,1.009290322580645,0.97
YA,45,1.0091111111111113,1.04
Tact,150,1.0089333333333335,0.995
Air,10,1.008,0.955
FUT,1320,1.0073560606060605,0.99
DKOB,25,1.0064,0.96
Dame,110,1.0063636363636363,1.01
C9,50,1.0058,0.965
keba,25,1.0056,0.94
With,30,1.005,0.86
DBG,95,1.0048421052631578,0.98
Risu,15,1.004,0.85
NAVI,1175,1.003540425531915,0.98
WMF,40,1.0035,0.955
Mant,60,1.003,0.97
86,55,1.0023636363636363,1.01
BEE,60,1.0021666666666667,0.98
AX,150,1.0012666666666667,0.97
VPK,45,1.001111111111111,1.03
SGE,60,1.0010000000000001,0.98
MRS,140,1.0009285714285714,0.985
7sg,160,1.0006875,1.0150000000000001
orgl,15,1.0,0.95
next,55,0.9996363636363635,0.91
szme,20,0.9984999999999999,0.975
VMS,85,0.9983529411764706,0.99
IHNK,20,0.998,0.97
Rayl,15,0.998,0.99
1N,20,0.9970000000000001,0.9199999999999999
GAL,190,0.9961052631578947,0.98
LE,155,0.9960645161290321,1.0
FKS,155,0.9956774193548388,0.99
GİV,25,0.9956,0.91
Balk,105,0.9953333333333334,0.99
CSE,74,0.9951351351351352,1.05
KC,880,0.995,0.97
WFNT,100,0.9942,1.02
Z19,20,0.994,0.9199999999999999
V1,50,0.9937999999999999,0.945
REG,155,0.9932258064516128,1.04
ORG5,50,0.9924,0.965
Cavalry,35,0.9922857142857142,1.0
QLF,80,0.99225,0.985
Race,15,0.9920000000000001,1.01
Mall,25,0.9915999999999999,1.04
RAGI,20,0.9915,0.965
lani,15,0.9913333333333334,1.07
OBG,365,0.990986301369863,1.0
AXI,75,0.99,0.95
V7,65,0.9898461538461539,0.93
TWQ,105,0.9895238095238096,1.03
X10,75,0.9892,0.99
MTP,100,0.9890000000000001,0.955
MKOI,595,0.9889747899159664,0.97
PSQ,65,0.9887692307692307,1.03
Psyc,75,0.9886666666666667,0.99
feel,80,0.9882500000000001,0.91
Baec,70,0.9881428571428572,0.99
100T,85,0.9875294117647059,1.01
BBL,1310,0.9874274809160305,0.97
NoAv,70,0.9872857142857143,0.975
Rhyn,70,0.9865714285714287,0.97
SE,70,0.9864285714285714,0.97
PURP,50,0.986,0.97
VS,105,0.9858095238095239,1.0
anim,15,0.9846666666666667,1.03
AMT,280,0.9842857142857143,0.94
NoPr,18,0.9838888888888889,0.98
XSET,85,0.9835294117647058,0.93
Waka,20,0.9834999999999999,1.045
Nowy,50,0.9832,0.915
TAC,35,0.9822857142857143,1.01
Uzhi,30,0.9803333333333334,0.98
JH,70,0.9802857142857143,0.985
PRD,15,0.9800000000000001,0.96
Titx,2,0.98,0.98
frea,15,0.9793333333333333,0.95
Stuv,40,0.9782500000000001,0.965
RTG,95,0.9782105263157894,0.95
unra,20,0.978,0.9650000000000001
CG,30,0.978,0.895
CEC,85,0.977764705882353,0.96
Mini,35,0.9777142857142856,0.96
Stat,40,0.9772500000000001,0.95
ад,40,0.977,1.0150000000000001
gucc,50,0.977,0.97
LP,35,0.9765714285714285,0.99
Poin,35,0.9762857142857143,0.98
BX,35,0.9760000000000001,0.96
play,30,0.9756666666666667,0.935
Valo,55,0.9750909090909091,1.0
Anat,75,0.9749333333333334,0.93
CARS,25,0.9740000000000001,1.02
AHEK,30,0.9736666666666667,0.915
99C,20,0.9734999999999999,0.995
SS,75,0.9730666666666667,0.97
ELUS,55,0.9727272727272728,1.03
KBB,45,0.9724444444444444,0.97
Abso,50,0.971,0.96
SSP,30,0.971,0.805
Woof,55,0.9703636363636363,0.98
MBK,40,0.9695,1.0150000000000001
mix5,55,0.969090909090909,0.91
LGND,10,0.969,0.97
PUNC,20,0.969,0.91
AKQJ,25,0.968,0.97
TBA2,40,0.96775,0.895
THA,30,0.9676666666666667,0.92
WOL,80,0.9675,0.97
WEDA,20,0.967,0.96
head,30,0.966,0.9450000000000001
NEVE,15,0.966,0.92
TheL,15,0.966,1.07
Lets,10,0.966,0.975
EP,75,0.9656,0.95
15 K,20,0.9654999999999999,1.045
ALTI,50,0.9640000000000001,0.945
kom4ka,45,0.9637777777777777,0.98
Unit,163,0.9636196319018404,0.95
Free,60,0.9633333333333333,0.995
M8,620,0.9625967741935485,0.95
IW,155,0.9625806451612903,0.96
Que,20,0.9625,0.94
GG,95,0.9624210526315791,0.93
BOSS,20,0.962,0.915
VKS,110,0.9604545454545456,0.91
COUS,45,0.9602222222222222,1.02
Farc,30,0.9600000000000001,0.955
Orde,20,0.96,0.89
Vozm,25,0.9592,0.95
soyb,20,0.9584999999999999,0.9299999999999999
Epq,15,0.9580000000000001,0.85
MBVI,15,0.958,0.88
FINs,10,0.958,1.0
OS,400,0.9577,0.93
Mustang,45,0.9571111111111111,0.94
Eter,40,0.9570000000000001,0.99
TGH,105,0.9562857142857143,0.94
Bifr,85,0.9558823529411765,0.94
Proj,70,0.9555714285714286,0.9450000000000001
SENT,45,0.9555555555555556,0.93
Espo,65,0.9555384615384616,0.94
We R,15,0.9553333333333334,0.94
Powe,20,0.9550000000000001,1.045
FRG,130,0.9546923076923077,0.975
BOY,30,0.9546666666666667,0.88
TGRD,25,0.9544,0.87
Trea,5,0.954,0.98
CCG,45,0.954,0.91
lave,40,0.95375,0.995
Igni,135,0.9537037037037037,0.94
5M,93,0.9536559139784946,0.94
cool,3,0.9533333333333335,1.03
SNG,185,0.9528648648648649,0.94
WaVii,60,0.9526666666666667,0.935
ABB,20,0.952,0.97
Merc,30,0.9516666666666667,0.9299999999999999
OXG,230,0.9512173913043478,0.94
bana,20,0.951,0.87
tryi,65,0.9507692307692307,0.92
BK ROG,95,0.9507368421052631,0.92
Top,75,0.9502666666666666,0.93
Noob,15,0.95,1.05
Fpal,20,0.95,0.79
ZETA,165,0.9498787878787878,0.91
Hard,50,0.9495999999999999,0.86
We D,40,0.9494999999999999,0.95
The,135,0.9493333333333334,0.91
Enmi,15,0.9486666666666667,0.99
lanc,15,0.9486666666666667,1.02
Evol,20,0.9484999999999999,0.9
ARMU,25,0.948,0.99
EDG,240,0.9477083333333333,0.92
Olym,50,0.9476,0.815
FG,35,0.9474285714285713,0.97
Play,20,0.9465,0.78
DELU,35,0.9462857142857142,0.84
TLS,15,0.946,0.93
1gam,45,0.9453333333333334,0.92
B13,60,0.9451666666666667,0.945
GX,685,0.9451532846715328,0.96
driv,50,0.945,0.9
INFS,15,0.9440000000000001,0.95
DTG,55,0.9440000000000001,0.85
EX-K,30,0.9440000000000001,0.94
el b,45,0.944,0.92
FRTS,35,0.9437142857142857,0.93
MC,30,0.9436666666666668,0.9
tp2luz,15,0.9433333333333334,0.86
GE,45,0.943111111111111,0.91
HorY,40,0.943,0.915
Scha,40,0.943,0.93
meme,10,0.943,0.975
STEP,40,0.94275,0.9450000000000001
Viel,10,0.942,0.9550000000000001
1234,35,0.9417142857142857,0.85
BRK,20,0.9415000000000001,0.975
ITB,35,0.9408571428571428,1.01
SUPD,20,0.9390000000000001,0.72
Hasb,30,0.9386666666666666,0.96
Yaku,20,0.9385,0.9299999999999999
SQ,20,0.9385,0.94
Erro,30,0.9383333333333332,1.025
KRÜ,240,0.937875,0.91
GV,25,0.9375999999999999,0.89
Leca,25,0.9372,0.91
FlyM,45,0.9366666666666666,0.98
locu,35,0.9365714285714286,0.85
Abov,30,0.9363333333333334,0.89
Gran,45,0.9359999999999999,0.92
Soul,40,0.9359999999999999,0.95
Flas,100,0.9357,0.925
VAMO,35,0.9354285714285715,0.91
LEGI,10,0.9349999999999999,1.0
ŞAK,25,0.9348000000000001,0.97
Cybe,40,0.9345000000000001,0.915
anime,5,0.9339999999999999,0.87
ExO,20,0.933,0.95
Budg,25,0.9328,0.88
AG,230,0.9325217391304348,0.91
NEBU,55,0.9321818181818182,0.88
7AM,10,0.932,0.88
ETER,25,0.932,0.85
NsG,40,0.9317500000000001,0.92
nuBo,25,0.9304000000000001,0.84
TMSPACE,20,0.9289999999999999,1.02
ULUG,15,0.9286666666666666,0.89
InTe,35,0.9282857142857144,0.92
TOSP,40,0.92825,0.835
OSK,15,0.928,0.9
Meat,10,0.9279999999999999,0.97
Init,25,0.9272,0.82
DRG,45,0.9268888888888889,0.91
XIA,90,0.9264444444444444,0.92
onli,20,0.9259999999999999,0.9550000000000001
Wins,25,0.9256,0.86
OGLU,105,0.9252380952380953,0.91
Sile,25,0.9251999999999999,0.85
NU,55,0.9250909090909092,0.94
DRM,20,0.9244999999999999,0.915
Need,35,0.9242857142857144,1.09
Unde,60,0.9239999999999999,0.865
Perf,25,0.9236,0.94
Tala,25,0.9231999999999999,0.87
psyh,10,0.923,0.9550000000000001
MALL,15,0.922,0.98
RED,10,0.921,0.955
Alph,10,0.921,1.0350000000000001
NaVi,10,0.9209999999999999,0.985
Maso,45,0.9199999999999999,0.88
Sapl,35,0.9197142857142856,0.97
Dora,10,0.9190000000000002,0.855
FUR,85,0.9188235294117646,0.92
Bart,15,0.9179999999999999,0.96
010,10,0.9179999999999999,0.885
SPL,45,0.9173333333333333,0.88
FOXU,25,0.9168,0.89
HLRS,15,0.9166666666666666,0.9
Dajj,25,0.9164,0.91
BEDE,30,0.9163333333333333,0.905
GOOD,45,0.9162222222222223,0.84
Temp,10,0.916,0.9299999999999999
Myth,43,0.9153488372093023,0.9
SzG,40,0.91525,0.965
Kara,20,0.9145,0.865
5 GO,25,0.914,0.87
Falc,45,0.914,0.88
Exer,25,0.914,0.89
TRG,40,0.91375,0.94
Whit,15,0.9126666666666666,0.95
qz,40,0.9125,0.87
MLE,45,0.9122222222222222,0.86
Z-Ma,25,0.912,0.88
Navy,35,0.9117142857142857,0.86
EU R,20,0.9115,0.845
Feng,25,0.9112,0.95
Reac,10,0.9109999999999999,0.99
chil,30,0.9109999999999999,0.845
Luce,20,0.9105000000000001,0.855
404,55,0.9103636363636364,0.88
DEVI,15,0.91,0.86
BLG,65,0.91,0.91
brat,10,0.9099999999999999,0.995
312,10,0.909,0.92
OW,65,0.9087692307692308,0.93
Flie,20,0.9085000000000001,0.94
Koud,5,0.908,0.88
KING,40,0.90675,0.88
NEXT,25,0.9064,0.93
OPY,35,0.906,0.92
FRA,5,0.906,0.75
PCF,220,0.9057272727272727,0.89
IK,15,0.904,0.92
Vict,45,0.9037777777777778,0.85
41rk,20,0.9035,1.01
TES,50,0.9031999999999999,0.91
bigm,20,0.9029999999999999,0.88
Knoc,35,0.9022857142857144,0.93
Inte,45,0.9022222222222223,0.85
Uniq,55,0.9021818181818181,0.94
NGF,65,0.9012307692307692,0.89
Aete,40,0.901,0.87
Judg,40,0.9005000000000001,0.845
H5,20,0.9,0.975
AMZ,40,0.89925,0.88
Mill,25,0.8992,0.91
NGEN,90,0.8991111111111111,0.87
NOE,40,0.8985,0.88
EXEN,30,0.8976666666666666,0.81
Alte,85,0.8975294117647059,0.89
NapT,20,0.8975,0.895
GLD.GC,20,0.8975,0.8400000000000001
UOL,20,0.897,0.99
Stin,35,0.8957142857142858,0.88
bb k,15,0.8953333333333333,0.95
OOS,10,0.8949999999999999,0.915
GK,15,0.8946666666666666,0.81
969,45,0.8946666666666666,0.91
Jinx,15,0.8933333333333333,0.72
IN T,15,0.8933333333333333,0.83
Desc,30,0.893,0.905
325,10,0.892,0.895
Soma,10,0.892,0.8
IceC,20,0.891,0.97
N2E,25,0.8908,0.92
Team,839,0.8907628128724673,0.86
APK,155,0.8903225806451613,0.89
Acid,20,0.89,0.8200000000000001
XLG,155,0.8880645161290323,0.91
Ligh,10,0.8880000000000001,0.835
EXA,40,0.8877499999999999,0.9
KABA,40,0.8877499999999999,0.8
de_p,25,0.8876,0.82
Zake,10,0.8870000000000001,0.91
L2P,10,0.8869999999999999,0.86
who,30,0.8863333333333333,0.895
Duck,30,0.886,0.845
VAGO,10,0.8859999999999999,0.985
HOMY,15,0.8859999999999999,0.84
NGU,40,0.8859999999999999,0.99
Ecla,20,0.885,0.875
IA,40,0.8845000000000001,0.93
Monk,80,0.88425,0.9
Capa,30,0.884,0.95
YA M,10,0.884,0.89
frog,65,0.8833846153846154,0.91
RRQ,60,0.8823333333333333,0.88
TGH L,25,0.882,0.85
CNZ,25,0.8815999999999999,0.85
DNJ,20,0.8815,0.8200000000000001
Kova,10,0.881,0.895
Taun,20,0.8800000000000001,0.9299999999999999
Sino,15,0.8800000000000001,0.9
team,69,0.8798550724637682,0.87
RN,60,0.8796666666666667,0.82
fat7,30,0.879,0.865
Noct,25,0.878,0.87
IESR,15,0.878,0.9
Saks,10,0.877,0.88
Hi S,20,0.876,0.97
Cast,20,0.876,0.815
4SV_,20,0.876,0.8500000000000001
Siva,25,0.8759999999999999,0.85
HYP,20,0.8755000000000001,0.765
G2G,35,0.8745714285714286,0.9
DP,25,0.8740000000000001,0.87
SB,25,0.8740000000000001,0.72
Prin,5,0.8720000000000001,0.9
RCTI,25,0.872,0.81
IPL,10,0.8710000000000001,0.89
X9ti,10,0.8710000000000001,0.6399999999999999
Capr,25,0.8708,0.84
kapt,20,0.8705,0.895
nway,35,0.8685714285714285,0.93
NxS,45,0.8684444444444444,0.91
Sabr,10,0.868,0.89
Lanc,10,0.867,0.8200000000000001
RISE,10,0.867,0.9
Atle,30,0.8666666666666667,0.795
Lank,10,0.866,0.815
Lyft,10,0.866,0.845
NTH,35,0.8651428571428572,0.87
Circ,15,0.8646666666666667,0.85
Thor,20,0.8644999999999999,0.715
Rave,30,0.8640000000000001,0.86
Inva,30,0.8640000000000001,0.845
VALO,45,0.8626666666666667,0.72
Noma,60,0.8621666666666667,0.87
df,20,0.8615,0.815
WMTF,15,0.8613333333333333,0.76
ulit,10,0.861,0.755
PANA,15,0.8606666666666667,0.86
OA,15,0.8606666666666667,0.81
Bald,30,0.8603333333333333,0.855
High,30,0.8583333333333333,0.825
Beag,25,0.8576,0.81
S7,15,0.8573333333333333,0.96
DTT,10,0.857,0.835
Warn,10,0.857,0.8049999999999999
Spir,15,0.8566666666666667,0.86
ALTY,25,0.8552,0.86
WHAT,10,0.8550000000000001,0.9550000000000001
couc,40,0.8545,0.805
Adin,10,0.8539999999999999,0.845
ABL,25,0.8532000000000001,0.8
Bait,25,0.8532,0.92
Un M,10,0.853,0.85
Alej,25,0.8523999999999999,0.86
Look,20,0.8515,0.8049999999999999
Last,35,0.8514285714285714,0.93
Gene,35,0.8511428571428571,0.83
Whis,15,0.8506666666666667,0.83
Exy,79,0.850506329113924,0.85
BezB,25,0.8504,0.84
Virg,15,0.85,0.81
Phoe,20,0.85,0.9
Eagl,10,0.85,0.865
BME,30,0.8486666666666667,0.8
Atfi,20,0.8484999999999999,0.775
ZER,40,0.8477499999999999,0.8049999999999999
Lete,15,0.8466666666666666,0.83
TRIA,10,0.8460000000000001,0.9850000000000001
Vulp,10,0.8460000000000001,0.855
d0g,10,0.8459999999999999,0.875
KVM,15,0.8453333333333333,0.85
Karu,20,0.845,0.8049999999999999
MTF,25,0.8443999999999999,0.88
ORO,25,0.8443999999999999,0.83
ENRA,15,0.844,0.88
GG D,15,0.8433333333333334,0.79
radi,35,0.8428571428571429,0.7
Down,15,0.842,0.85
gso,10,0.841,0.8300000000000001
S1,20,0.841,0.8
FLAS,10,0.841,0.905
BBES,10,0.841,0.8049999999999999
Sun,10,0.8400000000000001,0.77
csde,10,0.8400000000000001,0.845
Vert,10,0.8400000000000001,0.815
Burs,25,0.84,0.89
Nigh,20,0.8394999999999999,0.7949999999999999
WG,10,0.8390000000000001,0.75
Tita,15,0.8386666666666667,0.84
Dele,25,0.838,0.89
JKRS,10,0.835,0.85
Tieb,10,0.835,0.8049999999999999
ULF,45,0.8348888888888889,0.86
Huma,35,0.8337142857142857,0.84
Impa,25,0.8336,0.79
xD,25,0.8332,0.86
Outr,10,0.833,0.81
21S,15,0.8326666666666667,0.7
Over,35,0.8314285714285715,0.79
No A,15,0.8313333333333334,0.63
RED8,20,0.8305,0.835
Nevi,15,0.83,0.97
GR,120,0.8299166666666667,0.81
KOIF,15,0.8293333333333333,0.83
Tone,10,0.829,0.83
F4Q,50,0.8288,0.835
MDS,40,0.82825,0.83
SUN7,10,0.828,0.795
PG,30,0.8276666666666667,0.675
KUM,15,0.8273333333333334,0.77
MANGAL,20,0.827,0.78
BM,10,0.8240000000000001,0.81
Tris,10,0.8240000000000001,0.855
KRM,10,0.8240000000000001,0.855
SVGE,10,0.8230000000000001,0.925
UFO,10,0.8230000000000001,0.755
Stro,10,0.8230000000000001,0.81
Kjot,10,0.8230000000000001,0.905
Bibl,20,0.8225,0.855
LBR,20,0.8210000000000001,0.765
Astr,10,0.8210000000000001,0.775
Tiik,10,0.8210000000000001,0.855
r5,10,0.8210000000000001,0.8049999999999999
Smil,30,0.821,0.74
Pugg,20,0.8205,0.89
ez,10,0.82,0.845
yell,10,0.818,0.95
Marv,10,0.818,0.8
Doub,10,0.818,0.7649999999999999
DNA,15,0.8173333333333334,0.85
CR,70,0.816,0.825
DISB,10,0.8140000000000001,0.79
VVC,10,0.8130000000000001,0.77
UNDE,10,0.8130000000000001,0.8400000000000001
,10,0.8130000000000001,0.805
PDN,35,0.8128571428571428,0.87
SICK,20,0.8125,0.7050000000000001
zyzz,10,0.812,0.85
FMD,20,0.8115,0.76
fR,25,0.8104,0.83
ATR,35,0.81,0.8
Vitr,10,0.8089999999999999,0.7949999999999999
MASS,25,0.8088,0.72
Shif,28,0.8085714285714286,0.785
KAID,25,0.8084,0.83
NoMe,35,0.8082857142857143,0.85
TFR,10,0.806,0.755
Anga,10,0.806,0.605
Peep,15,0.8053333333333333,0.79
youn,22,0.8045454545454546,0.8300000000000001
Myst,20,0.8019999999999999,0.8
Buff,10,0.8019999999999999,0.825
OXR,45,0.8015555555555556,0.77
SHK,25,0.7996000000000001,0.68
Elem,43,0.7995348837209303,0.79
fort,15,0.7973333333333333,0.8
Samu,15,0.7973333333333333,0.75
anor,15,0.7973333333333332,0.76
Cobr,25,0.7964,0.82
the,30,0.7933333333333333,0.84
UBI,35,0.793142857142857,0.79
Volt,50,0.7926000000000001,0.715
BOOM,25,0.792,0.77
Dece,15,0.792,0.88
ESTO,15,0.792,0.78
NEXU,10,0.792,0.74
Valh,10,0.791,0.73
On V,10,0.791,0.88
AR e,20,0.79,0.69
Diji,10,0.788,0.8
TETA,20,0.7875,0.83
Sent,10,0.787,0.81
CRUS,25,0.7852,0.82
KNG,20,0.7849999999999999,0.8
Shoo,15,0.7846666666666666,0.76
FC,10,0.784,0.91
Quee,10,0.784,0.81
NoCh,8,0.78375,0.78
NOMA,25,0.7836,0.73
LCA,15,0.7826666666666667,0.75
Shie,20,0.7805,0.755
rank,30,0.7803333333333333,0.825
EzLo,10,0.78,0.845
TSG,10,0.78,0.855
vodk,10,0.78,0.715
Mad,20,0.7795,0.71
TDCC,10,0.779,0.735
mayb,10,0.779,0.835
Rapt,15,0.778,0.76
Drag,10,0.778,0.655
Red,10,0.777,0.8200000000000001
Most,10,0.7769999999999999,0.685
CAG,10,0.776,0.74
Afri,10,0.776,0.77
5 ba,20,0.775,0.755
m8,40,0.77425,0.755
Thro,10,0.7729999999999999,0.73
FCG,25,0.7724,0.68
FLC,35,0.772,0.81
VC7,10,0.772,0.715
Kupa,25,0.7712,0.78
CHSV,10,0.771,0.6699999999999999
Old,10,0.771,0.705
Ukul,25,0.7707999999999999,0.78
Supe,25,0.77,0.67
FAST,20,0.7695000000000001,0.79
TMP,40,0.76925,0.8
AMG,25,0.7692,0.66
MCRP,10,0.769,0.815
IMP,10,0.7689999999999999,0.745
ERZI,10,0.768,0.8049999999999999
shar,10,0.768,0.725
VF,10,0.767,0.77
ICE,25,0.7668,0.86
Nxiz,15,0.766,0.85
Revo,30,0.766,0.77
FBI,10,0.766,0.755
Ludu,25,0.7659999999999999,0.76
True,35,0.7651428571428571,0.66
RBL,10,0.765,0.775
DWN,15,0.7646666666666667,0.81
QQ,20,0.7645,0.73
ONET,10,0.764,0.755
mcch,15,0.7633333333333333,0.8
Holl,60,0.7631666666666667,0.72
Art,10,0.762,0.73
Lose,25,0.762,0.76
PROJ,10,0.762,0.74
DGR,85,0.7619999999999999,0.73
blae,20,0.7615000000000001,0.765
KVB,10,0.761,0.7150000000000001
Podp,10,0.7609999999999999,0.715
IBER,10,0.759,0.6799999999999999
karm,10,0.757,0.785
Univ,10,0.757,0.77
VCT,20,0.7565,0.665
ANBU,10,0.756,0.8400000000000001
Nth,2,0.755,0.755
Bill,20,0.7535000000000001,0.815
atre,10,0.752,0.6799999999999999
7S,10,0.752,0.6799999999999999
AIGY,15,0.752,0.76
BATS,10,0.75,0.6799999999999999
5op,10,0.749,0.7949999999999999
FORF,20,0.7485,0.76
Pros,10,0.748,0.6799999999999999
Prec,10,0.7470000000000001,0.74
BUYK,35,0.7454285714285714,0.67
Mixe,10,0.745,0.72
LDV,15,0.7446666666666667,0.78
Mach,15,0.7433333333333334,0.71
UA,10,0.742,0.635
sad,10,0.741,0.75
ZERO,10,0.741,0.7
DÜN,10,0.74,0.8
Ingenuity,20,0.7394999999999999,0.76
KILL,20,0.7384999999999999,0.76
Focus,10,0.738,0.92
dior,15,0.738,0.74
FS,65,0.7378461538461538,0.71
LFO,10,0.737,0.685
Aesi,48,0.7366666666666667,0.695
Cele,25,0.7360000000000001,0.75
INS,10,0.736,0.665
INCE,15,0.736,0.63
NWA,10,0.735,0.79
Joga,10,0.734,0.565
At0m,10,0.734,0.73
RATS,20,0.733,0.735
POIS,115,0.7320869565217392,0.71
Ragi,10,0.732,0.72
Nefa,10,0.7310000000000001,0.69
Pizz,10,0.7310000000000001,0.665
Koca,10,0.731,0.735
Heli,10,0.73,0.73
ETT,20,0.73,0.765
BOTS,10,0.729,0.8200000000000001
TE,20,0.7285,0.77
Mix,25,0.728,0.86
Zoni,10,0.728,0.75
Curr,30,0.728,0.61
Itas,15,0.7273333333333334,0.77
DEFE,10,0.7270000000000001,0.625
SR,10,0.7270000000000001,0.675
AVEZ,10,0.7270000000000001,0.71
5IDO,10,0.727,0.7
Drea,10,0.726,0.685
theg,10,0.725,0.685
LvL,20,0.7245,0.75
Rel,10,0.724,0.74
SPED,10,0.7220000000000001,0.635
MCES,10,0.722,0.75
Born,10,0.722,0.73
ENDL,10,0.722,0.7150000000000001
V K3,10,0.722,0.74
HN R,10,0.721,0.755
IG,30,0.7203333333333333,0.735
Shaz,10,0.7190000000000001,0.6950000000000001
EMP,20,0.7184999999999999,0.75
FLEE,10,0.718,0.6699999999999999
iNg,10,0.718,0.705
GPC,5,0.718,0.66
Nuke,10,0.717,0.73
Gold,10,0.717,0.69
Avan,25,0.7168000000000001,0.73
ZOTIX,10,0.7150000000000001,0.755
abus,10,0.715,0.7250000000000001
šmu,15,0.7146666666666667,0.7
Clea,10,0.7140000000000001,0.64
Magn,10,0.712,0.8200000000000001
idon,10,0.7110000000000001,0.705
CHS,10,0.709,0.6699999999999999
Dont,20,0.7085,0.685
Vcto,10,0.708,0.675
SGG,30,0.7076666666666667,0.6799999999999999
Nord,25,0.7076,0.69
Orig,10,0.7070000000000001,0.64
Luul,10,0.7070000000000001,0.74
McDD,10,0.704,0.73
Goli,10,0.7030000000000001,0.7050000000000001
Hadi,10,0.7030000000000001,0.62
KNAV,10,0.7030000000000001,0.69
Necr,20,0.7020000000000001,0.6699999999999999
Rebo,10,0.701,0.7050000000000001
Crad,10,0.6990000000000001,0.74
123T,10,0.6980000000000001,0.7350000000000001
IceW,20,0.6975,0.575
MoLo,10,0.697,0.755
AllS,10,0.697,0.63
catJ,10,0.697,0.6950000000000001
RedP,10,0.696,0.745
MAZE,10,0.696,0.675
S2K,10,0.6940000000000001,0.73
best,10,0.6930000000000001,0.7050000000000001
done,8,0.69125,0.6950000000000001
ERN,20,0.6910000000000001,0.65
HK,10,0.688,0.5800000000000001
BLE,10,0.686,0.65
Pand,10,0.686,0.6950000000000001
CTL,10,0.6839999999999999,0.71
7UP,10,0.6839999999999999,0.62
Ment,10,0.6839999999999999,0.74
MN,10,0.683,0.6499999999999999
AS07,10,0.683,0.665
rats,10,0.6799999999999999,0.6100000000000001
Sech,10,0.6799999999999999,0.635
Skel,30,0.6743333333333333,0.625
Blac,35,0.6717142857142857,0.52
Cunn,20,0.67,0.655
smel,10,0.669,0.6699999999999999
Shak,10,0.669,0.575
Gen',10,0.6679999999999999,0.645
Evil,15,0.6673333333333333,0.67
Nice,20,0.667,0.665
Dark,20,0.6655,0.74
RCB,10,0.661,0.755
Gami,10,0.661,0.5900000000000001
Not,10,0.661,0.66
Head,40,0.66025,0.63
HS,10,0.655,0.7
Youn,30,0.6536666666666666,0.585
GZ21,25,0.6512,0.55
VEXEC,20,0.65,0.625
Thun,10,0.649,0.5
IAS,15,0.646,0.6
DK,10,0.645,0.64
5 Fi,10,0.642,0.63
mix,10,0.642,0.63
Bbal,10,0.642,0.645
FiRE,10,0.641,0.6950000000000001
Pois,10,0.64,0.62
1000,5,0.638,0.55
COME,10,0.637,0.685
jaba,10,0.6359999999999999,0.55
mode,10,0.634,0.58
SHUS,20,0.6325000000000001,0.5700000000000001
Long,20,0.6325000000000001,0.55
Quan,10,0.631,0.56
RON,10,0.63,0.67
INAE,10,0.628,0.5549999999999999
Only,30,0.6276666666666666,0.64
UGIT,10,0.627,0.5349999999999999
UL,20,0.626,0.5449999999999999
90s,10,0.625,0.62
turk,10,0.624,0.6
Ehbi,10,0.624,0.675
KAFI,20,0.623,0.56
One',10,0.622,0.575
uP,20,0.6205,0.615
Moos,10,0.62,0.745
Ajin,10,0.618,0.6699999999999999
Hai,10,0.617,0.635
vega,10,0.617,0.575
5MS,10,0.617,0.54
Frel,10,0.613,0.5549999999999999
RAVE,10,0.611,0.635
Big,10,0.609,0.665
Deez,10,0.608,0.655
E-Na,10,0.607,0.65
SLAY,10,0.607,0.55
ЧИ,10,0.605,0.6699999999999999
CRAZ,10,0.604,0.5900000000000001
Nove,10,0.603,0.505
nebu,10,0.602,0.6499999999999999
F5S,20,0.6014999999999999,0.565
Try,10,0.6,0.6100000000000001
PLG,10,0.599,0.525
ZXC,10,0.596,0.685
San,10,0.596,0.62
HmmE,10,0.595,0.605
ayne,10,0.593,0.575
nAts,10,0.593,0.575
C SI,10,0.593,0.595
Witc,10,0.592,0.5700000000000001
NFG,10,0.591,0.515
Kean,10,0.588,0.625
FAKE,10,0.588,0.54
GHOS,10,0.587,0.62
KEKW,10,0.5840000000000001,0.535
JO C,5,0.584,0.6
sile,10,0.5820000000000001,0.615
Magi,10,0.5820000000000001,0.515
HoPe,10,0.5820000000000001,0.41000000000000003
BG,10,0.5810000000000001,0.58
Tori,10,0.581,0.58
Ulti,10,0.58,0.5800000000000001
MIX2,10,0.579,0.65
Even,20,0.576,0.615
Fre,10,0.576,0.5800000000000001
Csop,10,0.575,0.54
NyTi,10,0.5740000000000001,0.6699999999999999
kryz,10,0.5730000000000001,0.5800000000000001
Chic,10,0.572,0.64
Rexp,10,0.571,0.59
bris,10,0.571,0.49
5 Th,10,0.571,0.5
SKT,10,0.568,0.525
Gary,10,0.5660000000000001,0.56
Migh,10,0.5640000000000001,0.54
HOLL,10,0.563,0.515
Maze,10,0.563,0.56
BHB,10,0.561,0.5800000000000001
Chos,10,0.561,0.485
BÉZ,10,0.56,0.595
WDNM,20,0.5585,0.45999999999999996
iNCR,10,0.558,0.67
TC,20,0.557,0.515
Sear,10,0.556,0.5900000000000001
Axid,10,0.55,0.525
Digi,30,0.5486666666666667,0.52
Izan,26,0.5484615384615384,0.535
Ninj,10,0.5469999999999999,0.575
Pres,10,0.5469999999999999,0.595
Nope,10,0.544,0.55
Muni,10,0.54,0.54
Take,10,0.5389999999999999,0.5
KAIO,10,0.5389999999999999,0.565
Ghos,10,0.537,0.53
DO S,10,0.536,0.425
Raft,10,0.5349999999999999,0.63
MSR,10,0.534,0.575
LZT,10,0.532,0.39
Vipe,10,0.532,0.495
AMAZ,10,0.529,0.495
WRNG,10,0.528,0.44499999999999995
PHOD,10,0.528,0.525
NLG,10,0.528,0.565
MIX,10,0.524,0.49
Pare,10,0.524,0.535
tba,10,0.521,0.5800000000000001
Mort,10,0.52,0.465
5man,10,0.52,0.63
GNf,10,0.517,0.41000000000000003
Hexi,10,0.512,0.51
Sala,10,0.511,0.525
Goda,10,0.509,0.49
Just,40,0.50875,0.445
Xiro,10,0.504,0.5549999999999999
SD,10,0.503,0.55
WAT,10,0.499,0.46499999999999997
monk,20,0.49850000000000005,0.47
Weak,10,0.49800000000000005,0.43
ELSO,10,0.496,0.51
Test,10,0.495,0.49
BELA,10,0.49399999999999994,0.435
DiaX,10,0.48900000000000005,0.47
call,10,0.489,0.505
Bob,10,0.487,0.53
Zyti,10,0.487,0.44999999999999996
MSP,10,0.484,0.51
WR,20,0.479,0.485
Defe,10,0.47300000000000003,0.405
TR4K,10,0.47300000000000003,0.395
FDP,10,0.47000000000000003,0.35
SV,10,0.47000000000000003,0.445
Cune,10,0.46699999999999997,0.395
I FA,10,0.46699999999999997,0.46499999999999997
ALSA,10,0.466,0.415
Cami,20,0.46349999999999997,0.445
abcd,10,0.457,0.45999999999999996
Abec,5,0.45599999999999996,0.48
Crem,10,0.44800000000000006,0.4
EDGE,10,0.44699999999999995,0.355
Kolo,10,0.44299999999999995,0.425
wash,5,0.442,0.27
On T,10,0.426,0.33499999999999996
Digh,10,0.421,0.29500000000000004
HIGH,10,0.42000000000000004,0.345
huma,10,0.41600000000000004,0.49
geek,10,0.409,0.35
TTW,10,0.404,0.335
rciv,10,0.4,0.43000000000000005
WKTM,8,0.39625,0.365
Dem,5,0.38,0.33
PRAC,10,0.379,0.32
NAND,10,0.375,0.33499999999999996
Indi,10,0.372,0.325
Orke,10,0.366,0.29000000000000004
dgen,10,0.333,0.345
Span,10,0.328,0.255
Immo,10,0.302,0.245
Mäg,10,0.301,0.325
Alma,10,0.294,0.33
ENTS,10,0.279,0.18
SeeF,10,0.263,0.25
Vieu,10,0.256,0.265
logi,10,0.24500000000000002,0.19
Slup,10,0.242,0.235
